mean,std,skew,kurt,label
0.652080,9.433914,-0.070187,4.322212,2
0.645457,9.568664,0.153360,3.693784,2
1.554625,9.468979,0.154546,4.225743,2
1.448870,8.202074,0.460035,4.410290,2
1.148418,9.654853,0.107839,4.212393,2
1.428203,9.059352,0.388470,5.150565,2
2.489913,9.695916,0.453130,3.242859,2
1.225817,9.293037,0.054945,3.981175,2
1.388570,9.257519,0.244892,4.082679,2
0.992205,9.568631,0.227492,3.988783,2
1.099231,9.608986,0.027711,3.622056,2
1.646930,9.472741,-0.021598,3.642214,2
1.138823,9.449806,0.094695,4.461623,2
1.256408,8.936943,0.019341,3.673653,2
1.347380,8.551467,0.227204,3.732842,2
0.163738,8.693675,-0.190388,4.975636,2
0.986321,10.176824,-0.253394,3.788280,2
0.908512,10.988133,0.363135,3.476568,2
1.974712,9.316649,0.261870,3.923287,2
1.330301,9.306237,0.068532,4.390173,2
0.964772,9.665166,-0.212569,4.118233,2
0.954767,8.881083,0.268701,4.032195,2
1.419735,9.377839,0.113334,3.721810,2
1.731402,9.481686,0.035254,3.892965,2
1.551119,8.983460,0.252704,4.353564,2
1.495432,8.937367,0.296094,4.386332,2
1.155840,8.826863,0.144289,4.270629,2
0.985193,9.358545,0.331722,4.179073,2
0.750802,9.483100,-0.008321,3.932531,2
1.525383,9.356869,0.003948,4.886301,2
2.256978,9.468315,0.100910,4.461877,2
2.427174,9.826951,0.109769,4.150711,2
1.962636,9.306408,0.026905,3.789672,2
1.747169,9.301422,0.000970,5.092427,2
1.760783,8.965889,0.139899,4.579736,2
2.671098,9.101109,0.089017,4.403738,2
2.780216,9.483612,0.242241,4.350450,2
2.409951,9.096699,0.229954,4.080179,2
1.820693,9.370720,0.038454,4.533124,2
1.872361,9.320508,0.129244,3.786999,2
2.554395,9.421189,0.098883,3.956872,2
2.548265,9.162303,0.016435,4.047675,2
2.916828,9.441650,0.365830,4.311264,2
2.543939,9.241924,0.214111,4.464350,2
2.279490,9.734768,0.363077,4.704060,2
2.043008,9.117260,-0.030902,4.759331,2
1.778867,9.372990,-0.203942,4.626935,2
2.425062,9.441027,0.086457,4.148507,2
2.069026,9.346855,0.188347,3.685089,2
3.194521,9.669687,0.243991,4.091318,2
2.509883,9.473675,0.116859,4.643610,2
1.362860,9.615709,0.288311,5.007802,2
2.342106,9.794225,0.293503,4.723122,2
2.300342,9.319691,0.192998,5.022215,2
2.041101,9.271892,0.197367,4.617649,2
2.287548,9.490185,0.007497,4.452451,2
1.791968,9.098946,0.127206,4.560983,2
2.918058,9.438478,0.096082,4.018352,2
2.281766,9.364438,0.170189,4.087814,2
2.367701,9.159951,0.114491,4.585336,2
2.256978,9.468315,0.100910,4.461877,2
2.427174,9.826951,0.109769,4.150711,2
1.962636,9.306408,0.026905,3.789672,2
1.747169,9.301422,0.000970,5.092427,2
1.760783,8.965889,0.139899,4.579736,2
2.671098,9.101109,0.089017,4.403738,2
2.780216,9.483612,0.242241,4.350450,2
2.409951,9.096699,0.229954,4.080179,2
1.820693,9.370720,0.038454,4.533124,2
1.872361,9.320508,0.129244,3.786999,2
2.554395,9.421189,0.098883,3.956872,2
2.548265,9.162303,0.016435,4.047675,2
2.916828,9.441650,0.365830,4.311264,2
2.543939,9.241924,0.214111,4.464350,2
2.279490,9.734768,0.363077,4.704060,2
2.043008,9.117260,-0.030902,4.759331,2
1.778867,9.372990,-0.203942,4.626935,2
2.425062,9.441027,0.086457,4.148507,2
2.069026,9.346855,0.188347,3.685089,2
3.194521,9.669687,0.243991,4.091318,2
2.509883,9.473675,0.116859,4.643610,2
1.362860,9.615709,0.288311,5.007802,2
2.342106,9.794225,0.293503,4.723122,2
2.300342,9.319691,0.192998,5.022215,2
2.041101,9.271892,0.197367,4.617649,2
2.287548,9.490185,0.007497,4.452451,2
1.791968,9.098946,0.127206,4.560983,2
2.918058,9.438478,0.096082,4.018352,2
2.281766,9.364438,0.170189,4.087814,2
2.367701,9.159951,0.114491,4.585336,2
2.873792,9.580391,0.062043,3.974464,2
2.745771,8.948065,0.294996,4.620671,2
2.601347,9.086373,0.241234,4.765271,2
2.277501,8.927038,-0.079084,3.802344,2
1.931245,9.649463,0.023850,4.085045,2
2.407081,9.421835,0.144115,4.282969,2
2.888718,9.588139,0.285089,4.331723,2
2.737159,9.332430,0.144789,4.626035,2
2.588881,9.623348,0.192320,4.540190,2
2.261181,9.152077,0.125511,4.283805,2
2.650493,9.483618,0.077804,4.255391,2
2.447185,9.054436,-0.080257,4.837956,2
2.747329,9.180974,0.131218,4.454623,2
2.754936,9.439440,0.215181,4.522396,2
2.703965,9.452134,-0.008441,4.252174,2
2.446795,9.351341,0.296894,4.306367,2
2.153171,9.155714,0.221533,4.407889,2
2.723750,9.351557,0.043317,4.427179,2
2.524215,8.753696,0.291495,4.321989,2
3.128686,9.544865,0.284611,4.240711,2
2.638950,8.962880,-0.079249,4.311410,2
2.465186,9.662867,0.246805,4.634857,2
2.681596,9.316226,0.331678,4.389708,2
2.243917,9.610428,0.076727,4.254992,2
2.566123,9.114279,0.274790,4.570122,2
3.529664,9.328934,0.036082,4.673440,2
3.395185,9.333483,0.306384,4.916155,2
2.850521,9.165613,0.107773,3.776441,2
2.063880,9.715620,0.244290,3.910038,2
1.595377,8.925219,0.219539,4.432597,2
2.163566,9.073849,0.159655,4.144654,2
2.696317,9.733448,0.133401,4.431699,2
2.440090,9.051388,0.148496,4.478718,2
3.134119,8.884037,0.174738,4.217901,2
2.951129,9.346630,0.069199,4.117207,2
3.467683,9.567548,0.378703,3.700845,2
1.917631,9.674447,-0.091158,3.940819,2
2.444212,9.556060,0.097941,4.472630,2
2.614408,9.488851,0.075195,4.140339,2
3.000542,9.079639,0.209217,3.981432,2
2.885991,9.446633,-0.007040,4.162563,2
2.540925,9.121307,0.332743,4.115067,2
3.170205,9.364196,0.159394,4.961731,2
2.481138,9.348849,0.077501,3.815135,2
2.992853,9.288796,0.094918,4.359627,2
2.375711,9.546013,0.086627,3.714025,2
2.599604,9.480865,0.291184,4.166157,2
2.769636,9.357915,0.308101,3.945979,2
3.195198,9.400970,0.162136,3.830432,2
2.744335,9.237378,0.436135,4.794092,2
2.879512,9.654955,0.349046,3.991438,2
2.348360,9.262615,0.015963,3.565309,2
2.403534,8.933140,0.074330,4.519597,2
3.351595,9.339243,0.253211,4.697554,2
2.968413,9.299295,0.238999,4.259791,2
1.941805,9.390300,-0.176299,3.680715,2
2.928125,9.348104,0.367170,4.099858,2
3.177053,9.450835,0.166311,4.101243,2
3.102503,9.435557,0.156145,4.829208,2
3.246742,9.645105,0.140741,3.918651,2
-0.074098,9.072230,0.203472,4.070591,2
0.515489,9.200750,0.072697,3.925437,2
0.990319,9.294286,0.275781,4.111511,2
0.610192,9.433810,0.207979,3.937694,2
0.841979,9.500580,-0.104182,3.433348,2
0.210608,9.109495,-0.025061,3.796997,2
0.604431,9.659817,-0.086375,3.765736,2
0.754472,9.577406,0.045875,4.515380,2
0.521988,9.086968,0.171540,4.173102,2
1.118176,9.780175,0.501104,4.304972,2
1.026527,9.608863,0.217746,4.033417,2
-0.069361,9.441069,0.059094,3.905414,2
0.189982,9.321960,0.033466,3.988683,2
0.124024,9.495050,0.130863,4.856930,2
0.219137,9.472005,0.180326,4.387617,2
0.505032,9.151550,0.284458,4.491283,2
0.374755,9.605715,-0.013630,4.231627,2
0.271256,9.566382,-0.061658,4.548786,2
0.811942,9.901261,0.208602,4.568649,2
0.460971,8.963059,0.409154,4.570514,2
0.137781,9.253742,0.008350,3.459157,2
0.782008,9.366167,0.216834,3.655586,2
0.811266,9.509125,-0.108866,4.102937,2
0.231747,9.543125,-0.066701,4.379911,2
0.872180,9.532479,0.364735,4.388728,2
0.585117,9.494094,0.075519,4.278127,2
0.616179,9.446844,0.432051,4.624847,2
0.328070,9.057180,0.107755,4.309750,2
0.515940,9.205274,0.258965,3.960423,2
0.420707,9.123293,0.335964,4.294628,2
0.668831,9.585741,-0.097972,4.187185,2
0.574824,9.064028,0.233869,4.196941,2
1.040182,9.232711,0.001484,5.211759,2
0.843497,9.131742,0.119841,4.800418,2
1.814645,9.222659,0.469734,4.670421,2
1.726502,8.965193,0.044126,5.133425,2
0.670779,9.133195,-0.170315,4.791111,2
1.121169,9.572834,0.133331,4.499006,2
1.327287,10.013324,0.565213,7.195783,2
0.784366,9.208162,0.112407,4.377199,2
0.651280,9.156925,0.015814,4.910080,2
1.010884,8.817102,0.168586,4.701697,2
0.663910,9.921191,0.044387,7.701258,2
1.286650,9.285653,0.164492,4.257645,2
1.171648,8.962455,-0.004444,4.410831,2
1.251425,9.131845,0.356120,4.623762,2
0.897153,9.217405,0.241229,4.379317,2
0.975229,9.125683,0.187658,4.310174,2
0.679472,9.422889,-0.153111,5.249666,2
1.165231,8.905355,-0.035289,4.262345,2
1.171935,9.157129,0.172309,4.633147,2
0.705675,13.031942,0.680603,38.045479,2
1.390067,9.198973,0.170919,4.129274,2
1.224956,9.062642,0.145568,4.356160,2
1.025625,8.984299,0.312484,4.445288,2
0.729130,9.072456,0.167084,4.652078,2
0.815551,9.570842,-0.055128,4.459978,2
1.137654,9.417197,0.184522,4.428241,2
1.544599,8.821144,0.386632,4.289504,2
0.538250,9.191095,0.142832,4.684255,2
1.493157,9.974612,-1.030518,15.202774,2
2.082456,9.623563,1.498418,17.520109,2
1.499225,9.254842,0.148261,5.017898,2
1.113030,9.070463,0.027695,4.538093,2
1.566024,9.551840,0.440301,4.266277,2
1.822538,9.377070,0.390604,6.226485,2
1.502485,8.772839,0.051521,4.707820,2
1.591202,9.097769,0.174694,5.039061,2
1.132262,8.669173,0.079160,4.362494,2
1.569817,9.244240,-0.270780,4.394404,2
0.613083,9.127092,-0.019077,3.857621,2
1.634976,9.043359,0.298627,4.914204,2
0.756358,8.844610,-0.044715,4.158453,2
1.791825,11.226563,1.793435,28.664698,2
0.631966,10.273823,-1.551983,25.074609,2
2.237172,9.241762,0.354474,4.343200,2
1.200229,9.100981,0.206672,4.720838,2
1.400934,9.101789,-0.147828,4.455207,2
0.907200,9.192695,-0.148829,4.912455,2
1.146757,9.258604,0.126007,4.159538,2
0.959359,9.310422,-0.185991,4.831389,2
1.169885,8.859152,-0.004684,4.514725,2
1.711986,10.262584,1.538987,18.592691,2
1.838859,9.158645,0.273249,4.511798,2
1.875518,7.273713,-0.089548,7.094592,2
1.509559,6.793764,0.151227,9.220961,2
1.692344,9.083783,0.259927,4.778378,2
1.198835,8.955144,0.190969,4.371352,2
1.319065,9.329607,0.121515,5.030249,2
1.226719,8.792500,-0.088928,4.683955,2
1.882469,9.071923,0.145093,4.767938,2
2.325458,8.644537,0.357407,4.288125,2
1.831109,10.033817,0.365015,6.684006,2
1.843882,9.336109,0.161769,4.414383,2
2.101769,8.746921,0.037401,4.485264,2
1.792358,9.138828,-0.351228,4.535049,2
1.890465,9.710129,0.282490,7.389421,2
2.157599,9.276191,0.131216,4.046941,2
2.408577,9.294874,0.218515,4.420281,2
2.061522,8.925221,0.247159,4.357710,2
2.064331,9.461379,0.144683,4.565944,2
1.300510,9.998493,0.634050,9.000869,2
2.607313,9.174707,0.014913,4.036362,2
2.065664,9.148330,0.152869,3.923521,2
2.101831,9.134246,0.105627,4.514900,2
1.431094,8.971848,0.298505,4.961600,2
2.038169,9.194754,0.059907,5.052715,2
2.160019,9.235996,0.320425,4.442925,2
2.046165,8.889247,0.100847,4.361935,2
2.233379,9.895024,0.368753,10.465476,2
2.416943,10.128121,1.347984,13.443080,2
1.876174,9.235993,0.016707,4.078770,2
1.872627,9.210920,-0.168963,4.331320,2
2.199262,9.481657,0.051457,4.110061,2
2.076346,9.286498,0.160742,4.701700,2
2.175642,9.174448,0.315376,3.782235,2
1.996958,9.048367,-0.092533,5.760476,2
2.025026,9.032906,-0.064108,4.588936,2
2.239837,10.274864,1.014468,11.469788,2
2.165088,9.289186,0.135977,3.850430,2
2.653794,9.061085,0.179246,4.568486,2
2.230816,9.229636,0.198565,4.588636,2
2.586257,9.364346,0.255766,4.292126,2
2.629744,8.906387,0.189298,3.795402,2
2.115773,9.176398,0.305399,4.497241,2
2.337227,9.077526,0.241134,4.815443,2
2.037082,8.834529,0.338192,4.919601,2
2.947685,9.429918,0.343837,3.860715,2
2.118869,9.198301,0.158370,4.217581,2
2.876601,8.867061,0.341278,4.489255,2
2.540720,9.585036,0.146544,4.005465,2
2.077637,9.186061,-0.025438,4.409950,2
2.631200,8.648540,0.154285,4.051904,2
2.678746,9.048403,-0.035217,4.149636,2
2.796352,9.045066,0.012979,4.863969,2
2.808879,9.252444,0.014284,4.339479,2
2.602495,9.364311,0.086898,4.460383,2
2.946578,9.521906,0.349396,5.020645,2
2.714873,9.255061,-0.018396,4.852367,2
2.910636,8.875005,0.234924,4.391069,2
2.402303,9.048860,0.479007,4.457132,2
2.384179,9.317361,0.143543,4.460728,2
2.377597,9.101670,0.006438,4.566590,2
2.528664,8.943622,0.082955,4.764317,2
3.104964,9.240364,0.233427,4.669933,2
2.543508,8.974355,0.232886,4.862864,2
2.798935,9.825821,0.782674,7.611904,2
2.346966,9.099618,0.029270,4.178310,2
2.681063,9.099115,0.395161,4.211845,2
2.067728,8.958212,0.302180,4.414595,2
2.672288,8.668181,0.070415,4.943159,2
2.547998,8.754214,0.136166,4.459953,2
2.612747,8.550525,0.123393,4.020002,2
2.309588,9.308409,-0.173149,4.084635,2
2.428547,8.741138,-0.054289,4.213894,2
2.471091,8.753661,-0.162934,3.917677,2
2.406876,8.647233,0.257759,5.032022,2
3.175187,8.921783,0.275127,4.739208,2
2.424180,9.201919,0.020914,4.361861,2
2.889764,9.037466,0.101237,4.054511,2
2.663369,9.217761,0.033917,4.213721,2
3.386676,8.169732,0.437725,4.571536,2
2.896427,8.737216,0.152138,4.426740,2
2.325663,8.920771,0.104272,4.126412,2
2.611086,9.061199,0.259906,4.027942,2
2.578671,9.159668,-0.167017,4.317365,2
2.869445,8.598664,0.346249,4.194144,2
2.692258,8.940040,0.205748,4.610835,2
2.358283,8.837988,0.060600,4.434053,2
2.733592,8.625931,0.099055,4.203539,2
2.956050,8.870065,-0.016600,4.473195,2
2.339995,8.999275,0.015507,4.115844,2
2.676532,8.774360,0.125606,4.633917,2
3.115523,8.517301,0.365082,4.759746,2
2.758237,9.083789,0.013273,4.162183,2
2.535266,9.052570,-0.147717,4.448720,2
2.366259,9.207068,-0.201530,5.431867,2
2.265302,8.754600,-0.062948,5.236615,2
2.719486,8.907322,0.290622,4.397921,2
3.233810,8.962576,0.141411,4.031599,2
0.176060,9.171618,0.018980,4.571160,2
0.147110,9.946520,0.241168,5.135778,2
0.462550,8.966224,-0.042954,4.748823,2
0.157136,9.004342,0.065246,4.194579,2
-0.331062,9.635786,0.255503,4.789410,2
0.055830,8.815550,0.156454,3.639071,2
0.089619,9.416485,0.189672,4.400637,2
0.504991,9.412247,0.457968,4.249899,2
0.372152,9.585893,0.077083,4.701160,2
0.111045,8.765809,0.141011,4.096198,2
0.157526,9.504633,0.100442,4.449113,2
0.260266,9.339953,0.293491,4.462459,2
-0.087363,8.871665,0.146835,4.403783,2
0.225965,9.460798,0.085742,4.074960,2
0.332806,9.282574,0.193382,3.954602,2
0.585568,9.073638,0.262115,3.945273,2
0.084637,8.966567,0.025539,4.599870,2
0.116991,9.705872,0.097248,4.555083,2
0.437003,9.148263,0.161995,5.043042,2
0.261025,9.544452,0.085206,4.208076,2
0.317490,9.471606,-0.100192,4.249831,2
0.191848,9.102215,-0.048720,4.694307,2
0.250322,9.482581,0.135855,4.140419,2
0.144383,9.385465,0.366746,4.816625,2
0.720704,9.514945,0.396418,4.405388,2
0.712174,9.595764,0.023396,4.842811,2
0.682014,10.660392,0.054307,7.378511,2
0.554526,9.385825,-0.015128,4.090517,2
0.145470,9.159652,0.087039,4.662846,2
0.078989,8.729272,-0.030413,4.426827,2
1.734191,9.625040,0.171722,7.623363,2
1.799083,9.916534,0.433338,3.649748,2
1.633069,9.547132,0.158209,3.551893,2
1.842795,10.653231,0.172263,8.877822,2
1.600654,10.008991,0.227102,3.843648,2
1.398371,9.716505,0.024571,4.051572,2
1.156209,9.604310,-0.032517,4.117332,2
1.496519,10.713441,0.174803,9.665591,2
1.388980,10.512054,-1.400571,22.103503,2
1.637191,10.402672,0.100884,3.269231,2
1.449177,9.608980,0.061522,3.985881,2
1.740218,10.665253,0.549511,12.524691,2
1.413912,10.770355,1.280826,27.386792,2
1.681477,9.509473,0.267867,3.979118,2
1.307727,9.662423,0.218130,3.785427,2
1.489876,10.642437,0.389541,9.002034,2
1.580172,10.297873,0.026983,5.609721,2
1.493505,9.841859,0.016379,3.677277,2
1.645986,9.929244,0.153159,4.053308,2
1.433657,10.512807,-0.209929,14.632760,2
1.244516,9.762714,-0.558743,7.452555,2
1.440669,9.681501,0.121752,3.568213,2
1.365956,9.426116,0.165373,4.449002,2
1.617918,10.413938,-0.792584,10.887970,2
1.395111,11.170570,-1.223276,29.419966,2
1.426973,9.921223,0.055570,4.416857,2
1.238221,9.754109,0.046327,3.630751,2
1.580807,10.229249,0.765951,12.067894,2
1.442986,9.813818,0.991419,15.053764,2
1.133807,10.630948,0.362388,7.156659,2
2.389386,9.691464,0.431825,3.664328,2
2.171951,10.381391,1.268640,16.122910,2
1.820611,10.349299,0.476368,5.190791,2
1.784157,9.528609,0.064220,4.314842,2
2.374850,10.314184,0.331818,3.613797,2
1.864262,9.428554,-0.064457,5.829239,2
1.763879,9.966793,-0.791114,13.242447,2
2.117721,9.977236,0.111350,3.482860,2
2.041552,9.438783,-0.039315,3.770787,2
1.946069,10.274785,0.441595,5.306829,2
2.336468,10.581689,3.267825,46.233997,2
1.444011,9.199823,-0.224232,4.115042,2
2.309588,10.259481,0.098993,3.591293,2
2.462090,10.003911,0.100005,3.605607,2
1.744135,10.778434,0.725004,19.230123,2
1.676987,9.480274,0.124147,5.864417,2
1.452827,9.545406,-0.491450,5.026852,2
1.478845,9.895812,-0.288804,4.451799,2
2.803077,10.281799,-0.257288,9.778610,2
2.202378,9.703516,0.497430,3.540927,2
1.933214,9.496997,-0.047463,4.186586,2
2.077617,9.881079,0.294018,3.543776,2
2.182777,11.339723,-0.101305,54.967018,2
1.712826,10.285746,0.275420,4.669553,2
2.609651,9.492434,0.205357,3.455670,2
1.665300,9.188814,-0.222933,4.290829,2
2.158071,11.039535,1.638585,23.945334,2
1.960339,10.664792,-0.161341,5.866989,2
2.098263,9.911523,0.081515,3.699514,2
2.239794,9.406662,0.078787,3.912774,2
2.014262,9.956876,0.458830,8.359950,2
2.335033,9.380722,0.103868,3.879838,2
2.857287,9.498411,0.319499,3.844613,2
2.343357,10.001710,0.235193,5.020887,2
2.895833,10.140424,0.353146,3.408371,2
2.638786,9.948978,0.375483,3.640798,2
2.982109,9.399951,0.246334,3.804146,2
2.600650,10.114153,-0.604648,10.148876,2
2.843837,10.128134,0.360009,3.736511,2
2.288696,9.670470,0.164230,3.961532,2
2.012212,9.487940,0.028976,4.102163,2
2.492599,9.688675,0.198358,6.228982,2
2.608134,10.659875,-0.843306,22.753999,2
2.335422,9.888214,0.120693,3.670003,2
1.888886,9.128597,-0.146253,4.268922,2
2.664681,9.621639,0.204041,4.082562,2
1.942174,10.298844,-0.753424,17.283801,2
2.660109,9.994215,0.219698,3.743781,2
2.380201,9.584478,0.092735,3.944236,2
3.166760,9.552540,-0.019817,3.417603,2
2.361338,10.508349,-0.721738,10.397971,2
2.975015,10.164510,0.234597,5.866208,2
2.491389,9.529478,0.191230,3.876330,2
2.814927,9.837598,0.146185,3.693427,2
2.425205,10.718432,-1.551221,20.280049,2
2.680099,9.947877,0.035076,4.149308,2
2.871659,9.487816,0.286915,3.883733,2
3.048293,9.580978,-0.077617,3.700311,2
3.218653,11.084585,-2.186347,33.371026,2
2.651505,9.385313,0.172655,3.248031,2
3.068304,9.487547,-0.024523,3.867705,2
3.146934,10.329625,0.660907,7.261988,2
3.272310,9.518998,0.356268,8.847846,2
2.541950,9.460102,-0.156049,3.895985,2
2.929068,9.532970,0.251458,3.981048,2
3.520356,9.635238,0.476265,4.903543,2
3.040051,9.893082,-0.530928,8.185141,2
3.215783,9.997856,0.182972,3.483260,2
3.323239,9.889799,0.200713,3.947480,2
3.152715,9.384597,0.190710,4.148358,2
2.732956,10.606086,1.482742,22.785098,2
3.555724,9.731065,0.363335,3.522630,2
3.304766,9.728228,0.096898,3.771604,2
3.192717,9.673826,0.212930,3.917793,2
2.641103,9.897112,-0.849740,11.677467,2
2.868830,9.813084,-0.117864,4.830406,2
3.504897,9.462184,0.119558,3.788650,2
2.944138,9.475759,-0.116395,3.960911,2
2.742039,10.289149,0.176763,7.246938,2
3.206659,9.810023,0.414702,3.935231,2
3.072487,9.304162,0.153648,4.092445,2
3.273478,9.599509,0.291930,4.154684,2
3.010629,10.386577,1.149706,18.982977,2
3.150214,10.069790,-0.879360,12.479546,2
2.913076,9.462696,0.214219,3.638904,2
2.703493,9.493743,0.013246,4.138289,2
2.820053,9.851376,-0.029585,4.321469,2
3.078474,9.891979,-0.467117,9.158793,2
3.063814,9.707987,0.243094,4.245561,2
3.389196,9.218070,-0.095131,4.108636,2
3.069391,9.542788,-0.239901,4.639425,2
3.104164,9.528087,0.034391,4.194844,2
3.830383,10.031864,0.244008,11.893788,2
3.059344,10.617329,-2.519467,37.053323,2
3.473117,9.595084,0.147954,3.825238,2
3.438180,9.332168,0.314808,4.384500,2
3.569297,9.476046,0.130856,3.824760,2
2.838157,9.799663,0.323234,3.164933,2
3.433771,9.796102,0.118126,3.435224,2
3.361519,9.405679,0.163078,3.907970,2
3.606120,9.798617,0.197232,3.741981,2
3.697072,10.147683,-0.424852,10.711909,2
3.020758,9.372291,0.010987,3.884991,2
3.516645,9.680978,0.388273,3.941444,2
2.781754,9.472047,0.022320,3.729127,2
3.398117,9.524741,0.011715,6.278855,2
3.228372,9.747612,0.165177,3.836348,2
2.932656,9.330997,0.060238,4.106749,2
2.688178,9.622621,0.059771,4.025378,2
3.543360,10.385877,0.544781,9.327369,2
3.405354,9.254415,0.258337,3.834996,2
3.724935,9.685362,0.194703,3.547597,2
3.687066,9.407771,0.240603,3.972369,2
3.143223,9.690019,0.156863,3.749623,2
3.662524,9.812258,0.012248,7.410165,2
3.795097,9.421044,0.301893,3.740247,2
3.001915,9.449007,-0.043893,4.450658,2
3.176171,9.598795,0.066386,4.112005,2
3.669659,10.127649,0.483070,7.386784,2
4.038344,9.635312,0.402398,3.716285,2
0.714020,10.277926,1.052672,25.163826,2
0.839621,9.414783,0.339136,4.123637,2
0.849873,9.287439,0.208774,3.725498,2
0.340966,11.018536,0.879177,18.690366,2
0.445060,9.894185,-0.405777,5.234378,2
0.462345,9.457117,-0.066050,3.133509,2
0.326717,9.207290,0.218747,3.916978,2
0.374304,11.906673,-4.089385,56.792291,2
0.731099,9.888347,0.320616,4.219638,2
1.178701,10.061868,0.051871,3.125217,2
0.465974,9.661691,0.162658,3.565284,2
0.945171,9.867786,0.563919,7.238036,2
0.113957,10.228460,-0.013021,5.560959,2
0.830231,9.638448,0.319808,3.446235,2
0.331310,9.608724,-0.007884,4.216097,2
0.974819,10.613379,-0.165353,20.925469,2
0.701246,10.268591,1.038052,10.607709,2
0.859919,9.576520,0.197210,3.356757,2
0.519507,9.728823,-0.032112,3.902672,2
0.889997,10.885711,-0.819577,17.408878,2
0.794535,10.358992,1.084228,13.526819,2
0.768824,9.630307,0.149284,4.005620,2
0.751663,9.577131,0.133428,3.703799,2
0.513479,10.800365,-0.638071,14.685253,2
0.650440,10.025403,-0.152220,4.923284,2
1.027696,9.397649,0.056690,4.132839,2
1.314493,9.551951,0.078206,3.398188,2
1.132836,10.560906,1.348937,19.201527,2
0.639245,9.712771,0.063737,4.990654,2
0.215706,9.906907,0.269340,3.319401,2
1.438905,10.326812,2.321178,30.608766,2
1.303934,9.226792,0.298448,4.146979,2
1.050618,9.633150,0.055154,3.479962,2
1.470398,10.225574,0.678948,9.981025,2
1.233014,10.592922,0.059301,9.074111,2
1.272400,9.903071,0.269612,9.455321,2
1.037066,9.672189,0.071575,4.727602,2
1.400524,10.062438,0.053042,9.480669,2
1.134763,10.783780,-0.343047,14.247185,2
0.972256,9.957065,-0.174783,6.727435,2
1.326426,9.439295,0.080688,3.804908,2
1.241461,10.278589,-1.256772,24.168151,2
0.867075,9.960674,-0.123733,6.521998,2
1.122748,10.463192,-0.552930,12.058596,2
1.510769,9.758403,0.083630,3.232689,2
1.233157,9.931229,-0.043471,4.074330,2
0.904227,10.082072,0.254733,5.224157,2
1.009182,10.305209,0.068789,9.348612,2
1.201418,9.400411,0.162016,3.997723,2
1.223295,9.365100,0.083576,3.617851,2
1.332843,10.208313,0.476066,9.361183,2
0.893832,10.683500,-2.939243,47.679744,2
1.068928,9.214668,0.219633,3.972139,2
0.953229,9.885125,0.215285,4.426241,2
1.315457,11.015585,2.130404,33.511560,2
1.724288,10.880593,-0.593088,22.673707,2
1.270842,9.215457,0.168746,4.213587,2
1.180280,9.558041,0.030227,3.875510,2
0.940189,10.663793,-1.909349,30.847082,2
1.234608,9.311401,0.005402,3.731310,2
1.942317,10.957646,3.144264,48.113409,2
2.124118,9.654034,0.205627,3.363227,2
2.237028,9.441372,0.201499,4.200361,2
2.061419,10.275676,0.081160,4.965090,2
1.949227,10.304644,1.182715,19.070118,2
1.795495,9.682985,0.277735,3.968600,2
1.719305,9.496703,0.155418,4.199147,2
1.651727,9.941368,0.605752,7.359231,2
1.561288,11.807868,-1.186775,39.605414,2
2.367448,9.613359,0.335531,4.024442,2
2.136092,9.537572,-0.063928,3.981414,2
1.318142,9.981396,-0.794225,11.712488,2
1.121477,9.754047,-0.214831,4.312980,2
2.132175,10.317868,2.135036,24.642720,2
1.465006,9.724006,0.309550,3.764067,2
2.416594,9.476101,-0.140261,4.969154,2
2.449440,10.100886,0.606617,6.816262,2
1.878983,9.971132,-0.165362,5.881234,2
2.543323,9.359428,0.096234,4.516144,2
2.161556,9.412608,0.209467,4.621566,2
2.483947,10.471467,-0.982634,20.002903,2
2.540555,11.130986,0.760261,11.976647,2
1.778272,9.290735,0.205186,4.701867,2
1.908098,9.782158,0.404134,3.416882,2
1.867891,10.061197,0.054192,4.720541,2
1.974568,11.389667,-0.946572,31.207610,2
1.413010,9.280192,0.019024,4.148872,2
2.262472,9.653912,0.416399,4.010804,2
1.510912,10.100807,0.340607,5.165073,2
1.659798,10.675616,-0.908109,14.952715,2
2.058857,10.564290,-1.139664,16.902119,2
2.360006,9.421820,0.156879,4.171742,2
2.368453,10.038742,0.072801,4.031859,2
2.902291,10.074559,0.635229,10.525111,2
2.830674,9.690725,0.819509,6.290780,2
2.795368,9.462276,0.338937,3.680273,2
2.147594,9.387392,0.082120,3.819412,2
2.161597,10.002699,0.452297,7.339367,2
2.445729,11.134338,1.826000,24.085191,2
2.785567,9.839137,-0.091059,5.148611,2
2.201988,9.497357,0.168439,3.060489,2
2.601183,10.167650,0.374393,6.501074,2
2.325253,9.663259,0.187398,4.411269,2
2.585355,9.673773,-0.169978,6.859239,2
2.577379,9.388304,0.223666,4.500252,2
2.610902,9.666547,0.269567,3.861057,2
2.225157,9.604844,0.267139,5.135857,2
2.460450,11.261003,0.005802,32.734652,2
1.753422,9.212497,0.244417,4.135798,2
2.527946,9.562212,0.254521,3.462001,2
1.890506,10.379204,0.214465,12.666874,2
2.917381,11.199863,2.496603,39.471800,2
2.283447,9.120024,-0.031178,3.837815,2
2.550212,9.543277,0.310560,3.819903,2
2.514558,9.922545,-0.708564,14.743792,2
2.400520,10.300538,-0.817168,17.410204,2
2.315042,10.343942,-0.215197,18.717797,2
2.798033,9.304541,0.425288,3.871244,2
2.374829,10.323835,0.177128,6.893335,2
2.577584,9.812846,0.041813,5.673714,2
3.657029,11.266877,4.057586,79.351242,2
2.374276,9.777974,-0.216602,3.536879,2
3.090776,9.721483,0.165031,4.166070,2
3.574791,10.554215,1.067734,17.889259,2
2.705523,11.250748,2.052838,38.899466,2
3.249080,9.356407,0.376989,4.077634,2
3.765060,9.373337,0.519022,3.510880,2
3.227613,10.050944,0.548167,6.358443,2
2.823026,11.383631,3.044146,56.700974,2
3.098157,10.167576,1.224821,14.428606,2
2.541786,9.473151,0.082867,4.001542,2
3.902861,9.963222,0.315643,3.851289,2
2.885643,10.641117,-0.775281,13.415307,2
3.183511,10.336622,0.221131,7.852758,2
2.995641,9.641234,0.081659,3.801681,2
3.034884,9.498445,0.387644,4.075314,2
2.926136,10.385057,-1.614319,23.873097,2
3.016698,11.026800,-2.311018,42.898289,2
3.257404,9.361772,0.230472,3.769296,2
2.995785,9.824324,0.329489,3.786914,2
3.226383,9.909591,0.049164,9.217753,2
2.813328,10.107112,0.599231,6.718114,2
2.903009,10.827952,-2.574445,47.393507,2
2.882362,9.015589,-0.300652,4.925018,2
3.819085,9.567081,0.347382,3.878577,2
3.611923,10.087441,-0.434887,9.750934,2
2.830612,11.392045,-2.130170,40.518793,2
3.480969,9.471255,-0.002667,3.644642,2
3.124749,9.254949,0.298087,4.382289,2
2.916133,9.975128,0.370904,8.058496,2
3.468852,10.476126,0.395169,5.793309,2
3.065208,10.542497,-0.121507,9.791680,2
3.740231,9.505856,-0.839545,14.053067,2
3.977472,9.934602,0.284242,3.331252,2
2.838342,9.892605,-0.065067,3.998987,2
3.378721,10.685806,-1.741626,43.100630,2
3.569625,11.245254,0.537412,17.986552,2
3.752266,10.006490,0.094903,3.508415,2
3.309318,9.335870,0.091434,3.872075,2
3.526507,10.245611,0.208042,3.860131,2
3.415975,11.161530,-0.794359,16.949132,2
3.814226,10.830723,-2.265142,40.870822,2
2.912748,9.375713,0.023520,3.670902,2
4.000681,9.692052,0.334706,3.559243,2
3.245041,10.128293,0.479742,10.900581,2
2.778104,9.708674,0.097483,6.398756,2
2.849270,9.976326,0.073538,5.110985,2
3.837415,9.615857,0.032869,4.049806,2
3.997032,9.233884,0.225021,4.327848,2
3.894209,10.470997,2.120457,32.971943,2
3.139757,10.980237,0.116503,12.629583,2
3.281823,9.588700,0.234874,3.989906,2
3.069104,9.547979,0.063976,3.488822,2
3.479042,10.206383,0.302499,6.728104,2
3.623835,10.588051,-0.973889,16.002171,2
4.311405,10.490496,2.164671,34.640357,2
3.696231,9.295899,0.387765,3.416195,2
2.705851,9.296933,0.244279,3.473998,2
2.992422,10.256828,0.322712,5.062326,2
3.547597,9.960801,0.653302,11.884794,2
-0.059274,10.564345,-0.057463,6.762307,2
-0.363314,10.940347,-1.268973,21.992345,2
-0.591349,11.387575,1.416674,25.242020,2
-0.661080,9.851080,-0.007454,3.500732,2
-0.323046,10.249703,0.131586,3.272767,2
-0.779690,10.174823,-0.301748,4.638512,2
-0.070448,11.043258,0.998262,15.648368,2
-0.577017,9.926749,0.128198,3.134928,2
-0.555981,10.020157,0.014444,3.369072,2
-0.132183,10.057443,0.210890,4.300404,2
-0.067250,11.023669,-0.057148,22.891631,2
0.031206,9.818063,0.227556,3.342863,2
-0.209910,9.708216,0.187749,2.877624,2
0.303118,11.440946,2.050023,22.277595,2
-0.603692,11.902773,-2.016100,34.170773,2
-0.613513,9.718415,-0.204016,3.883070,2
-0.833962,10.104672,-0.237074,8.046945,2
-0.142783,10.409286,0.596488,8.473436,2
-0.181349,11.238924,1.280221,24.124363,2
-0.618843,9.819382,-0.144349,3.701536,2
-0.209643,10.019942,0.498375,4.291575,2
-0.898280,10.680682,-0.131156,5.083833,2
-0.847904,10.452019,-1.018936,16.051945,2
-0.775118,9.824598,-0.120647,3.075057,2
-0.300000,10.473076,0.046457,4.037702,2
-0.412439,10.736618,0.244740,4.850246,2
-0.283495,11.655508,3.228337,61.217568,2
-0.251018,9.988230,0.247645,3.084359,2
-0.289749,10.808821,0.335142,3.855203,2
-0.331101,11.079433,0.317919,7.762463,2
0.293932,10.346858,-1.275528,23.206697,2
-0.487808,9.277939,-0.310716,3.744903,2
0.356467,10.403577,-0.858619,14.695064,2
0.292620,10.639580,-1.388986,22.194980,2
0.662824,11.444485,-3.495232,46.769940,2
0.262337,9.875235,0.249079,3.649924,2
0.502285,9.600953,0.093488,3.757380,2
0.419534,10.663933,0.975158,11.705532,2
-0.146781,10.308928,-1.551158,19.987700,2
0.197260,9.461024,-0.053574,3.810073,2
0.334898,9.958364,0.293186,4.447748,2
0.752299,10.541910,1.959827,26.160860,2
0.441247,10.408174,0.923297,16.282892,2
0.442498,9.301605,0.214618,4.097733,2
-0.093329,9.263063,0.099497,3.766172,2
0.156828,10.514406,-0.461659,11.341565,2
0.275357,11.074452,-1.683878,38.934165,2
0.573799,9.868740,0.205839,3.469509,2
0.088594,9.299841,-0.021968,4.019470,2
0.692532,10.706488,0.047062,15.846979,2
0.735199,11.479263,-2.856664,46.984136,2
0.140405,9.300555,0.144056,3.806268,2
-0.143111,9.438630,-0.242680,3.066429,2
0.379430,10.074289,0.299684,3.954262,2
0.460684,10.324460,0.846046,19.313405,2
0.372439,9.860597,0.220472,3.679495,2
-0.039345,9.631677,0.137553,3.714201,2
0.445737,10.620109,1.277902,19.862761,2
0.214545,10.738782,0.902747,12.336228,2
0.485251,9.418020,0.205316,4.222539,2
2.075833,9.917579,0.491232,3.706701,2
1.293067,9.679697,0.266910,3.491643,2
1.262128,10.601358,0.067060,12.945709,2
1.338030,10.775732,-0.279152,15.389674,2
1.443334,9.903404,0.251914,4.144096,2
1.708767,10.023500,1.597176,15.623933,2
1.959868,9.729176,-0.016023,4.698087,2
1.058799,9.293013,0.143431,3.607581,2
0.715434,9.695336,0.071472,3.677660,2
1.337354,9.679411,0.237087,3.069457,2
1.916586,11.158521,0.977302,10.454099,2
1.122666,9.404124,0.488335,3.648427,2
0.842410,9.459451,0.160304,3.308585,2
1.197010,9.407420,-0.051484,3.581677,2
1.695788,10.555444,0.189375,4.676201,2
1.005225,10.227762,-0.162680,5.033512,2
1.586097,11.000947,1.005434,12.166691,2
2.003765,9.681960,0.396400,3.880494,2
1.219687,9.338274,0.194524,3.434392,2
0.978222,9.545559,0.001610,3.681074,2
1.208677,14.687348,0.267561,24.948377,2
1.264609,10.454141,0.272087,6.060401,2
1.561042,11.564148,-0.299839,18.832517,2
0.822891,11.904070,-3.319772,44.239571,2
1.102799,10.013260,-0.053027,4.013546,2
1.087483,10.494658,-0.162010,6.251161,2
1.025687,9.688320,0.207211,3.813673,2
1.591469,9.911386,0.027829,3.950516,2
1.242978,9.613705,0.286985,3.194403,2
0.670674,9.659938,-0.054119,3.806105,2
2.723422,9.662937,0.329606,3.655091,2
1.900532,9.871551,0.094303,3.609773,2
1.571253,9.556878,0.220635,3.583084,2
2.126025,10.571830,-0.052263,6.436877,2
1.625934,9.554883,-0.030630,4.340872,2
2.280331,9.917272,0.150897,3.687499,2
1.946602,9.694914,-0.026098,3.679019,2
1.749732,9.450678,0.077251,3.560738,2
1.670795,9.714503,-0.042276,3.809516,2
1.521820,10.480435,-0.723311,10.212551,2
1.769886,10.224649,-0.901284,19.120295,2
2.073086,9.599343,0.152470,3.448168,2
1.998639,9.616153,0.231761,3.981650,2
2.116593,9.388758,0.059472,3.421933,2
1.767241,9.589904,0.363018,4.186514,2
2.191696,12.639268,0.790739,20.343115,2
1.636165,9.826999,0.124352,3.926553,2
1.231312,9.261185,-0.205947,3.730905,2
1.725928,9.975281,0.109719,3.136947,2
1.702575,9.361589,0.348052,3.783948,2
1.670877,9.648818,0.069875,3.446636,2
2.032736,12.373895,-0.423073,22.241170,2
1.641783,10.945706,0.187771,10.735655,2
2.265076,10.918215,0.017885,8.792530,2
2.481937,13.244463,-1.167054,74.491768,2
1.293662,9.014514,-0.243597,3.630171,2
2.411468,9.582909,0.382547,3.471096,2
1.859218,10.118899,-0.218926,5.766686,2
1.226514,9.413814,0.106026,5.303715,2
1.783961,9.920507,0.094977,3.302916,2
2.381103,9.412970,0.041313,3.026690,2
2.173325,9.272921,-0.003678,3.162811,2
2.539694,9.465033,0.071931,3.606120,2
2.873648,9.758760,0.070643,4.361843,2
2.551730,9.454252,0.022865,3.691670,2
2.775213,9.712251,0.087256,4.189245,2
1.972149,9.562499,0.113788,3.521261,2
2.844923,10.196768,0.186875,3.302422,2
2.867067,10.112744,0.414829,3.913355,2
3.021516,9.538418,0.277238,3.143817,2
2.782000,9.543911,0.282961,3.748239,2
2.266594,9.997153,0.311941,3.672620,2
3.023321,10.804705,1.916732,27.852742,2
2.530878,9.883916,-0.141259,3.313509,2
2.708066,9.672462,0.815387,7.080698,2
2.115855,10.126111,0.258359,4.166343,2
2.354101,9.485091,-0.026355,4.002407,2
2.726067,10.380925,0.635750,4.735729,2
2.855729,11.143544,0.909785,16.791936,2
2.058672,10.139558,0.013375,3.896555,2
1.679078,14.615075,-2.408172,54.320617,2
2.536660,9.817354,0.160500,3.880233,2
2.694985,9.620625,0.276908,3.645944,2
2.161351,9.622753,0.117077,3.668777,2
2.123441,9.664194,0.049173,3.580618,2
2.629006,9.508940,0.373139,3.498294,2
2.224214,10.102781,0.039826,3.991451,2
2.536311,9.578560,0.140228,3.155384,2
2.701997,9.567299,0.065640,4.001800,2
2.549417,11.009166,-0.059415,15.783602,2
2.949366,10.767913,0.975460,25.267382,2
3.133545,9.411972,0.208959,3.753951,2
3.101663,9.152597,-0.077295,4.177649,2
3.051348,9.457427,0.177176,3.743829,2
3.355388,9.531057,0.179816,3.825139,2
3.060821,9.787941,0.420993,3.980310,2
3.125549,9.918580,0.564612,8.956394,2
3.526117,9.742266,0.182399,3.713464,2
3.027667,9.328641,-0.037256,4.356741,2
2.592018,9.887351,0.035115,3.550619,2
3.494501,9.524813,0.082287,4.697372,2
3.670008,9.611314,0.109066,3.641308,2
2.945122,9.915005,0.005697,5.327525,2
3.171230,9.641807,0.168556,4.015072,2
3.658690,9.613795,0.248573,3.641040,2
4.030554,9.566262,0.368089,4.102138,2
3.159235,9.439839,0.314790,3.600117,2
3.009194,9.819869,0.196108,3.579149,2
3.454726,9.631078,0.420885,4.373517,2
3.277620,9.287267,0.300189,3.720985,2
3.359243,9.556416,0.332102,4.068896,2
2.725165,9.298209,0.207599,3.497913,2
3.289471,10.018429,0.113730,4.032490,2
2.796003,9.632650,0.464930,6.932393,2
3.472645,9.434392,0.381592,4.003880,2
3.308067,10.092991,0.172065,3.924956,2
3.164238,9.753199,0.315301,3.519581,2
2.943912,9.269609,-0.167442,4.326070,2
2.823805,9.641812,0.066447,4.588568,2
3.009661,9.756804,0.362946,3.901206,2
3.357869,9.588613,0.278167,4.113646,2
4.039063,10.218813,0.719692,6.746530,2
3.352579,9.677443,-0.201069,3.803436,2
3.326786,9.668649,0.039697,3.536863,2
3.167027,9.412029,0.032897,4.279439,2
3.331912,9.662391,0.160779,3.628072,2
4.103853,9.181174,0.290956,3.423417,2
3.376199,9.671341,0.000281,3.644126,2
3.565032,9.507214,0.139157,3.516768,2
3.616597,9.344860,-0.011141,3.738755,2
3.468975,9.817049,0.086192,3.931799,2
3.553878,9.434350,-0.021229,3.821322,2
3.213446,9.804348,-0.141053,3.696817,2
4.007160,9.710804,0.277902,3.752865,2
3.940587,9.297301,0.115082,3.240479,2
3.656927,9.257488,0.442053,3.818402,2
3.472666,11.336341,-0.538347,25.705311,2
4.099793,9.715501,0.406844,3.919722,2
3.932898,9.713778,-0.007240,3.609180,2
3.720835,9.411829,0.069110,3.604239,2
3.852526,9.358617,-0.042254,3.806461,2
3.848979,9.139012,0.085698,4.061281,2
3.830526,9.676221,0.295090,3.516964,2
3.559435,10.310067,1.335010,19.503300,2
3.872250,9.307040,0.259551,3.742757,2
3.850496,9.438021,0.110908,3.702180,2
3.509366,9.541292,0.196700,3.955261,2
3.535692,9.949601,0.261421,3.774631,2
3.947763,9.727217,0.103309,3.839686,2
3.364812,10.274870,-0.018000,6.278434,2
-1.022016,10.944860,-0.426787,16.413708,2
-1.663618,9.189255,0.093015,4.209568,2
-1.623186,9.371107,0.013601,3.462792,2
-1.345656,9.292747,0.243284,4.679087,2
-1.172672,9.522756,0.285603,4.145830,2
-1.200556,9.887067,0.048787,6.802243,2
-0.901888,12.132579,3.093126,43.602936,2
-1.549805,9.811251,0.126457,4.895555,2
-1.485672,9.413166,0.079815,3.648561,2
-1.417479,9.729609,0.291167,3.861216,2
-1.022139,9.993405,0.431957,5.611481,2
-0.655380,10.586878,0.731087,7.273858,2
-1.516611,11.639774,-0.659930,40.814587,2
-1.444092,9.532861,0.175682,3.622087,2
-1.336348,9.500269,0.247552,3.718641,2
-1.448828,13.262327,0.913618,24.572237,2
-1.605615,9.883230,-0.125596,6.527358,2
-1.527375,9.817332,0.358540,4.372181,2
-1.229712,9.536248,0.048404,4.092474,2
-0.997555,9.069562,-0.139981,6.175583,2
-1.381516,10.561182,0.392763,12.164298,2
-1.238610,9.905641,0.276552,5.087880,2
-1.632310,10.395041,0.059464,6.097382,2
-1.494242,9.412720,0.033036,3.337431,2
-1.037639,9.180674,0.566551,4.428695,2
-1.297085,9.673282,0.390269,4.546800,2
-0.967949,10.682133,-0.226214,8.249435,2
-2.161658,12.631302,-0.823448,40.348323,2
-1.386376,10.380180,0.047542,9.051397,2
-1.166141,9.435012,0.337222,4.905431,2
-0.335081,11.759198,-2.374450,41.431372,2
-0.714757,12.799769,-1.500317,40.670472,2
-0.313983,9.451329,0.180833,3.785854,2
-0.069792,9.868463,0.458284,3.852304,2
-0.348634,10.224248,0.256237,4.736639,2
-0.504477,10.907098,0.212912,4.753964,2
0.158305,12.659589,0.997815,44.530414,2
-0.588355,9.929976,0.307044,3.947769,2
-0.988186,9.791456,-0.157475,4.101614,2
-0.502243,9.884390,0.159558,4.721150,2
-0.968052,10.815781,1.447389,31.877367,2
-0.102761,10.508450,1.270292,14.218376,2
-0.735588,14.649392,-0.924986,30.815790,2
-0.086358,9.941768,0.032132,4.114725,2
-0.553849,9.510070,0.117896,3.128193,2
-0.232545,9.645959,0.352996,4.086668,2
-0.546632,10.253582,0.637046,7.022562,2
-0.542613,10.470017,-0.460406,15.753866,2
-0.015172,9.605910,0.224121,3.200822,2
-0.269861,9.987949,0.140090,3.358978,2
-0.462056,9.471308,0.204401,4.104752,2
-0.860534,13.871747,-0.674936,24.373985,2
-0.822357,10.694063,-0.738065,15.305608,2
-0.557150,11.640295,0.450487,36.521864,2
-0.373053,9.794481,0.169254,4.374777,2
-0.644575,9.610910,-0.029652,3.781088,2
-0.283680,9.671300,0.087934,3.572090,2
-0.392982,9.995385,0.179382,3.966204,2
-0.119696,10.263434,0.167710,4.646491,2
-0.703578,9.697327,-0.002098,3.500825,2
0.489040,12.080156,0.571685,32.168367,2
0.295511,10.519149,0.779740,11.026962,2
0.496052,9.344856,0.392202,3.087990,2
0.583026,9.875354,0.038465,3.440985,2
0.295060,9.312021,0.000678,4.200137,2
0.296352,11.023261,-1.111563,13.122724,2
0.681297,11.603382,1.997207,31.467302,2
0.306624,9.715313,-0.037847,3.238835,2
0.308244,9.869338,-0.081935,3.737196,2
0.326225,9.799113,0.137423,3.250382,2
0.546858,9.626118,0.310905,3.230770,2
0.257642,12.900669,-2.136478,25.597385,2
0.183339,11.008891,-2.876849,39.334650,2
0.750556,10.031840,-0.016781,3.559622,2
0.090891,9.152229,0.084770,3.954345,2
0.224304,9.512278,0.031348,3.404900,2
0.167326,9.600927,0.183683,3.470695,2
0.047896,14.071292,1.395399,34.600535,2
0.392142,9.576054,0.201792,4.281945,2
0.484057,9.626209,0.204054,3.547142,2
0.266089,9.825183,0.309986,3.184600,2
0.513725,9.902052,0.143843,3.626361,2
0.489019,9.976230,0.099620,5.242323,2
0.848540,11.650226,-0.984560,11.632474,2
0.315051,9.863623,0.050300,3.874555,2
-0.111290,10.340954,0.060142,7.470057,2
0.663562,9.165715,0.132231,3.715272,2
0.641357,9.608650,0.301473,3.439329,2
0.156254,9.758770,-0.076691,3.123865,2
-0.068421,10.139423,0.144225,3.526884,2
2.645552,10.037765,0.273106,3.610279,2
2.601019,9.494670,0.142187,3.636004,2
2.740952,9.593318,-0.127191,4.061203,2
2.140090,9.610054,-0.025475,3.850060,2
2.625254,9.702171,0.164508,3.709815,2
2.900220,10.286731,0.224705,3.898292,2
3.375235,12.209857,0.345492,12.830798,2
3.024038,9.499395,0.110631,3.168880,2
3.038165,9.853087,0.166582,3.961517,2
2.408126,9.695045,0.278479,3.503581,2
2.806275,9.723895,0.156646,3.962094,2
3.518162,9.998468,0.346777,3.325952,2
2.804102,10.008370,-0.101278,3.039484,2
3.413002,12.098964,0.249137,9.256135,2
2.709337,10.303328,-0.340714,5.078093,2
2.814312,9.809847,0.140866,3.699660,2
2.382784,9.353802,0.069996,4.033989,2
2.654901,9.965865,0.136590,3.437712,2
3.455956,9.696516,0.214816,3.457617,2
2.902701,9.690215,0.156233,4.309976,2
3.242027,10.788780,-0.077734,4.817401,2
3.196079,10.899465,0.626421,5.610825,2
2.536906,9.797705,0.075264,3.462278,2
2.361605,9.769605,0.212917,3.877760,2
2.429572,9.769134,0.284746,4.133566,2
2.669069,9.854994,0.356136,3.219370,2
2.990311,9.656059,0.424399,3.601982,2
3.056249,10.577003,0.191919,3.340679,2
2.691397,12.655696,0.033797,7.877622,2
2.751723,9.785212,-0.005748,3.673332,2
1.856102,9.695727,0.168459,3.677030,2
1.774910,9.474255,0.170224,3.137854,2
2.164386,9.486211,0.437028,3.432019,2
1.681600,9.515273,-0.141064,3.629521,2
1.783357,9.813853,0.264502,3.865941,2
2.238914,11.778527,0.067437,7.302314,2
1.790512,10.426907,0.029704,3.713882,2
1.998844,9.526303,0.049639,3.641161,2
2.117434,9.691574,0.136484,3.976134,2
1.460803,9.553216,-0.040477,3.775264,2
2.089406,9.844997,0.130142,3.965996,2
1.828607,9.812570,0.195918,4.201628,2
1.464801,10.057316,-0.153969,3.712303,2
1.646519,11.110774,0.007757,4.547429,2
1.849520,9.613289,-0.109314,3.728214,2
2.515562,9.442062,0.195504,3.430088,2
2.126045,9.376479,0.521365,4.062469,2
2.161351,9.885264,0.142432,3.618545,2
1.849254,9.667737,0.210176,3.333755,2
1.437265,10.199051,0.079317,3.912058,2
2.244655,12.665927,0.034498,10.038449,2
2.505024,10.003622,0.050667,3.437408,2
2.475376,9.495066,0.223911,3.701907,2
2.124876,9.484771,-0.216631,3.670691,2
1.903628,9.389185,-0.121702,3.428124,2
1.857906,9.666996,0.123538,3.856207,2
1.576194,9.717526,0.126236,3.687584,2
1.957817,11.580337,-0.231250,6.603211,2
1.888456,9.959788,0.170875,4.623387,2
1.437399,9.740765,0.111072,3.625803,2
1.768492,9.898718,0.383055,3.419153,2
0.991262,10.559631,-0.143496,5.353708,2
1.905822,10.045434,0.418700,3.772054,2
1.947053,9.694944,0.162019,3.620262,2
1.632557,9.323212,0.561239,4.339181,2
1.569674,9.946890,0.166237,3.921467,2
0.933587,9.532784,-0.076401,3.451618,2
1.676597,9.692612,0.005466,3.554831,2
2.051680,10.621782,0.102691,4.255127,2
1.678504,10.799062,0.378317,3.993101,2
1.322879,9.676119,-0.026026,3.426241,2
1.589705,9.613286,0.333448,3.469762,2
1.593294,9.530281,0.586736,4.506224,2
1.618717,9.567985,0.213797,4.017503,2
1.453647,9.252719,0.066916,3.576115,2
1.361486,10.300531,0.235213,2.891368,2
1.309060,11.460471,-0.189149,4.060261,2
1.666592,9.988803,0.180502,3.244928,2
1.502731,9.502403,0.137147,3.412294,2
1.416414,9.625960,0.091290,4.038269,2
1.584375,9.734282,0.130839,3.615489,2
1.322182,9.386652,0.106899,3.355705,2
1.874473,9.656499,0.165545,4.108664,2
1.431791,11.551184,-0.301416,8.252369,2
1.321423,9.691917,-0.087831,3.590324,2
1.711965,9.152963,0.112525,4.136070,2
1.769230,9.579207,0.261041,3.750415,2
1.538530,9.868208,0.211138,3.624721,2
1.688079,9.584825,0.213586,4.144826,2
1.505502,10.122644,-0.008355,3.370250,2
1.575743,9.784454,0.159350,3.564873,2
1.508308,9.587338,0.093797,4.229807,2
1.333561,9.312436,0.228928,4.342572,2
1.526474,9.016938,0.173828,4.121930,2
1.454303,8.752782,0.048701,4.567119,2
1.616359,8.638596,0.470258,4.744205,2
2.007886,8.940634,0.442101,4.059259,2
1.759471,9.181499,0.099940,4.284798,2
0.774401,9.262659,-0.004134,4.157405,2
1.426624,9.268234,0.207636,4.242441,2
1.108171,9.675382,-0.003087,4.452869,2
1.550647,9.199431,0.150292,4.054425,2
1.444298,9.136137,0.271094,4.539449,2
1.949042,9.196612,0.230749,4.560386,2
1.217862,9.128601,-0.003873,3.171313,2
1.826803,9.749604,0.089823,4.125351,2
1.754632,9.163388,0.220432,4.177986,2
1.444011,9.127281,-0.018260,3.869175,2
1.030484,9.373325,0.092007,3.783920,2
1.741633,8.917518,0.286162,3.746228,2
1.367821,9.008427,0.310654,4.284545,2
1.668232,9.622641,0.089427,4.742979,2
1.330977,9.194777,0.373242,4.161908,2
1.760824,8.760988,-0.017559,4.275594,2
1.778334,9.280461,-0.001502,4.773203,2
1.195432,9.301131,0.146210,3.512528,2
1.102983,9.358737,0.313898,3.973565,2
1.358205,9.396904,0.129539,3.680602,2
1.761542,9.566166,0.194416,3.718557,2
1.525781,9.017274,0.197417,3.706187,2
2.372758,9.001881,-0.171125,4.063139,2
2.303643,9.292125,0.096386,3.500393,2
2.190486,9.446429,0.028279,3.333740,2
2.246685,9.406758,0.222436,3.532167,2
2.496720,9.503836,0.058627,3.503112,2
2.298988,9.096150,0.185712,3.793242,2
2.179702,9.657254,0.292472,3.436187,2
2.414072,9.316121,0.149455,3.787724,2
2.458523,9.445350,0.431069,3.580853,2
2.286133,9.120976,0.138743,3.629589,2
1.931758,8.985606,0.079967,3.821087,2
2.158050,9.059253,0.070499,3.974694,2
2.618057,8.805206,0.078925,3.545556,2
2.075403,9.229956,0.029393,4.164168,2
2.209964,9.474101,0.102877,3.526817,2
1.968438,9.408397,0.042318,3.929440,2
1.959478,9.409088,0.028036,4.287950,2
2.179004,9.397243,-0.091038,3.936513,2
2.362363,8.809624,0.201321,4.018809,2
1.945454,8.942668,0.053417,3.637451,2
2.047641,9.180264,0.073531,3.745177,2
2.084752,8.992829,-0.029736,3.447490,2
2.118397,9.612591,-0.118635,3.565488,2
2.340610,9.430742,0.085225,4.499648,2
2.261181,9.479277,0.156494,3.520201,2
2.255911,9.324308,-0.034117,4.316640,2
2.083686,9.439356,0.141819,3.873627,2
2.379360,9.436671,0.032782,3.633283,2
2.142222,9.158528,-0.125081,3.397978,2
2.551059,9.758652,0.310160,3.723727,2
1.688448,8.745566,-0.119848,3.675496,2
1.724493,8.597446,0.088283,3.953202,2
1.730459,9.179050,0.090021,3.394468,2
1.732263,9.172443,0.015597,3.642393,2
1.605308,9.140324,0.161614,3.672189,2
1.941600,8.721126,0.187995,3.285279,2
1.505151,8.536431,0.263008,3.315520,2
1.561042,9.133377,0.022714,3.082953,2
1.938852,8.759456,0.057858,3.341095,2
2.085080,8.998669,0.080577,3.092487,2
1.453114,9.293528,0.184738,3.187425,2
1.349922,9.122734,-0.164319,3.725441,2
1.927903,8.770062,0.227395,3.795481,2
1.846670,8.913701,0.087066,3.491913,2
1.841504,8.756472,0.000287,3.794371,2
1.627493,8.647562,-0.024374,3.444082,2
1.827110,8.839208,0.248013,3.034405,2
1.993944,8.814985,0.156125,3.245103,2
1.753238,9.045794,0.131351,3.472798,2
1.693841,8.723712,0.182896,3.511496,2
1.853826,8.584394,0.033273,3.753686,2
1.965506,8.918311,0.017041,3.122994,2
1.847757,8.802786,0.097233,3.050428,2
1.608855,9.217598,-0.093649,3.015668,2
1.252020,9.475090,-0.032098,2.935576,2
1.737020,8.664500,0.010524,3.156900,2
1.915274,9.053210,0.151750,3.264765,2
1.767857,9.035746,0.232474,3.921108,2
2.192762,8.810328,0.274076,3.042507,2
1.783189,8.545839,0.111217,3.203670,2
0.756317,9.073421,0.030625,5.227630,2
0.721995,9.139202,0.016058,4.616728,2
1.171402,9.258895,0.109911,4.530140,2
0.615461,8.610748,0.189189,5.076162,2
0.840667,9.033876,0.020749,4.753595,2
1.111841,8.878109,0.243075,4.870559,2
1.123117,8.955782,0.286956,4.579031,2
1.170090,9.020744,-0.023975,5.402804,2
0.476451,9.167914,0.076623,4.160994,2
1.536582,9.647371,0.010412,4.202938,2
1.075345,9.507289,0.436216,4.275175,2
1.227027,9.363285,0.140791,4.892934,2
1.369052,8.806700,0.139937,4.527096,2
1.140381,8.821449,-0.079868,4.586849,2
1.803450,8.994135,0.102291,4.624899,2
1.850976,9.183288,0.329735,4.851009,2
1.243306,9.065621,0.045564,4.730992,2
0.900762,9.063233,0.020818,4.353129,2
0.780245,9.365926,0.123164,5.170392,2
0.262911,9.307418,-0.126659,4.563031,2
0.562871,9.196061,0.328199,4.595706,2
0.862318,8.964358,0.263875,4.578287,2
0.976746,9.605062,-0.082354,4.918908,2
1.197174,9.111698,0.253982,4.482848,2
0.385807,9.011922,-0.188060,5.060328,2
1.675531,8.912323,0.385724,4.485974,2
0.364873,9.449473,0.109307,5.116869,2
0.891822,9.431048,0.089649,4.106770,2
1.546957,9.380781,0.239109,5.320658,2
0.900637,9.082481,0.293378,5.327090,2
1.340409,8.748109,0.224647,5.094900,2
1.103803,9.087202,0.286038,4.748068,2
0.960754,8.923238,0.185478,4.830372,2
1.220609,8.854016,0.087948,4.476304,2
1.443785,9.145911,0.402145,4.562608,2
1.201049,9.087855,-0.061906,5.128715,2
1.090538,9.067125,0.018955,5.262528,2
1.258396,9.010662,0.294042,3.868195,2
0.983450,9.400221,0.192121,4.814983,2
0.636826,9.055925,0.364379,4.856315,2
1.377294,9.420999,0.232799,4.215194,2
0.629034,8.757585,-0.224520,4.221449,2
1.350537,9.007827,0.256543,4.683123,2
1.875518,9.167017,0.179868,4.629377,2
1.905473,8.689235,0.390883,5.043519,2
1.346375,9.025676,0.118114,4.250369,2
0.868162,9.047805,0.163205,4.375836,2
1.605513,8.880016,0.175100,5.002719,2
0.985316,9.026736,0.122055,4.876868,2
0.829472,8.864530,0.396122,4.896795,2
1.103742,9.007603,0.082564,4.361280,2
1.599198,8.923168,0.191040,4.316640,2
1.436773,8.717205,0.158758,5.091315,2
1.960073,9.431842,0.273846,5.009974,2
1.578142,9.401301,0.560569,4.413026,2
1.312217,9.270996,0.032609,4.894800,2
0.735937,9.453107,0.033705,4.878265,2
0.606850,8.882045,0.067231,4.923040,2
1.128694,9.135257,-0.151176,4.715983,2
0.427823,8.954097,-0.259084,4.385180,2
1.962308,8.560777,0.571200,5.274197,2
1.587081,9.049691,0.313220,4.562415,2
1.534819,9.681907,0.035406,4.104668,2
1.271088,9.184054,0.240135,3.415785,2
1.569900,9.225628,0.249912,4.746478,2
1.105546,8.527193,0.084509,5.221239,2
1.168019,9.098895,0.272904,4.651488,2
1.212244,8.858003,0.294333,4.789516,2
1.546772,9.181957,0.307061,5.071323,2
1.891224,8.876157,0.292499,4.953438,2
1.367678,8.845230,0.048165,4.951342,2
2.005672,9.195830,0.017868,4.511814,2
1.570658,8.988057,0.024984,4.998972,2
1.184093,8.942130,0.002800,4.833426,2
1.368764,9.089555,0.206730,5.151008,2
1.635899,8.971766,0.010398,5.044531,2
1.140975,9.025311,0.001613,4.791283,2
1.282529,9.076816,0.063931,4.358060,2
1.360030,8.858460,0.363664,5.096404,2
1.878163,8.956800,0.004275,4.599066,2
1.888722,9.389960,0.248760,5.400128,2
1.314431,8.866628,0.128711,4.357625,2
1.734580,8.616585,-0.035232,5.635329,2
1.525633,9.009726,-0.025006,4.849795,2
1.357590,8.361171,-0.289104,4.573765,2
1.237688,8.951098,0.045971,4.893842,2
1.568526,9.259487,0.444828,4.719073,2
1.488482,9.015261,0.313454,5.413498,2
1.994456,9.116815,-0.142090,4.917294,2
1.901605,8.996365,0.283111,4.666760,2
1.412559,9.352554,0.364032,4.762716,2
0.799087,9.002558,0.178944,4.794755,2
1.486411,8.936729,0.410241,5.090174,2
1.314452,9.331367,0.012084,4.838177,2
1.627964,9.209296,0.099578,4.603787,2
1.647217,8.875333,-0.371410,4.961415,2
1.727855,9.042203,0.218749,4.567194,2
1.924172,9.012531,0.158656,4.985879,2
1.733309,9.496805,0.243307,4.786129,2
1.509374,9.192557,-0.019770,4.627750,2
1.864282,8.854985,0.275409,4.970199,2
1.502116,8.921568,0.028861,5.044397,2
1.489856,8.783643,-0.092126,4.431264,2
1.323637,8.938121,0.048811,4.608134,2
1.979059,9.141053,0.014032,4.452492,2
1.886221,8.467762,0.303565,4.776086,2
1.971349,9.105331,0.101150,4.119578,2
1.666653,8.996802,0.093114,4.171397,2
2.059595,9.326249,-0.131978,3.748471,2
1.350250,9.250473,0.004965,4.507636,2
1.908118,8.476397,0.421302,5.250019,2
1.782352,8.867182,0.256052,4.837712,2
2.216710,8.717020,0.364270,4.787130,2
1.993144,9.670120,0.055250,4.423975,2
1.478353,9.194525,-0.097886,4.915601,2
1.776775,9.272413,0.340271,4.697994,2
1.231291,9.076373,0.183365,4.676082,2
1.508021,9.555023,-0.093127,4.632098,2
1.681416,8.938548,0.433604,4.064197,2
1.351630,8.897869,0.174441,5.228011,2
1.814276,9.254222,0.044959,4.821316,2
1.334237,8.778406,0.072302,4.930911,2
1.845645,8.911129,0.051224,4.708087,2
1.164205,9.003682,0.134349,4.121092,2
1.557680,9.205862,0.214639,4.473211,2
1.350742,9.382145,0.102365,5.063985,2
2.259766,9.194967,0.167043,4.702738,2
1.757564,9.192770,0.213307,4.982374,2
2.342557,9.007232,0.310861,4.733036,2
1.166030,8.848824,0.080294,4.829760,2
1.528709,9.163238,0.111518,4.286769,2
2.043869,8.797823,0.418859,5.025169,2
2.071466,9.366263,0.058123,5.083601,2
1.989167,9.132673,0.322183,4.885317,2
1.350558,9.241425,0.195718,4.435699,2
1.173370,9.037801,0.056036,4.896534,2
1.314206,8.695191,0.063644,4.488348,2
1.629256,8.819887,0.349788,4.693340,2
2.218370,9.417757,0.468940,4.861477,2
1.879660,9.014636,0.077243,5.172398,2
1.077990,9.464474,0.147024,4.051123,2
1.351378,9.196858,0.254515,4.029299,2
1.228913,8.505459,0.004248,4.632483,2
2.309014,9.331301,0.312651,4.650444,2
1.290771,9.086038,0.244965,4.841976,2
1.555937,9.181647,-0.086591,4.834554,2
1.531149,9.004514,0.062518,3.809855,2
1.630055,9.421845,-0.032145,4.204778,2
1.677213,9.340541,0.140564,4.557636,2
1.275017,9.371217,0.141528,4.780015,2
-0.017981,8.965715,0.459078,4.620850,2
0.871791,9.296150,0.378694,4.270121,2
-0.136222,8.726403,-0.142658,4.664694,2
-0.271440,9.258634,0.048031,4.385794,2
0.557151,9.281027,0.224733,4.218814,2
0.061079,9.125277,0.328556,4.967934,2
-0.103232,9.234926,0.116851,4.697953,2
0.227749,9.225488,0.047233,4.655127,2
0.221024,9.526453,0.142295,4.560630,2
-0.053492,8.873104,0.255609,4.830426,2
0.549749,8.952931,0.552705,4.897506,2
-0.024419,8.449029,0.219156,5.484161,2
0.253705,9.317409,-0.115230,4.432115,2
-0.073462,9.010527,0.220411,5.005707,2
0.563384,8.840414,0.300042,5.438960,2
0.501956,9.288078,0.345684,4.898295,2
0.262604,9.089773,0.145519,4.946585,2
0.116376,8.988824,-0.108672,4.825593,2
0.873800,9.049891,0.425294,5.344530,2
0.013184,9.301265,-0.042718,4.732592,2
0.267914,9.047550,0.421456,5.100804,2
0.683716,9.220433,0.104168,5.405239,2
-0.107969,8.750435,0.195644,4.642699,2
0.819221,8.781365,0.413959,4.625009,2
0.139565,8.988883,0.215865,4.598798,2
0.674736,9.091421,0.220632,4.394284,2
-0.227399,9.171809,0.125953,4.945691,2
0.471366,9.031586,0.015095,5.506970,2
0.268468,9.320233,0.397283,5.545973,2
0.754727,9.329539,0.568515,4.480042,2
